Bin,Frequency
0.033333335,5
0.042424244,0
0.051515154,0
0.060606063,0
0.069696972,58
0.078787882,0
0.087878791,0
0.0969697,0
0.10606061,99
0.115151519,0
0.124242428,0
0.133333338,0
0.142424247,361
0.151515156,0
0.160606066,0
0.169696975,270
0.178787884,0
0.187878794,0
0.196969703,0
0.206060613,195
0.215151522,0
0.224242431,0
0.233333341,0
0.24242425,92
0.251515159,0
0.260606069,0
0.269696978,24
0.278787887,0
0.287878797,0
0.296969706,0
0.306060615,2
0.315151525,0
0.324242434,0
More,1
