Bin,Frequency
0.033333335,61
0.039393942,0
0.045454548,0
0.051515155,0
0.057575761,0
0.063636368,0
0.069696974,265
0.07575758,0
0.081818187,0
0.087878793,0
0.0939394,0
0.100000006,0
0.106060613,272
0.112121219,0
0.118181826,0
0.124242432,0
0.130303039,0
0.136363645,357
0.142424252,0
0.148484858,0
0.154545465,0
0.160606071,0
0.166666678,108
0.172727284,0
0.178787891,0
0.184848497,0
0.190909104,0
0.19696971,0
0.203030317,33
0.209090923,0
0.21515153,0
0.221212136,0
0.227272743,0
More,1
